User ID,Username,Model,Year,Part,Timestamp
246282207,Anahita_ar,هیوندا,2010,لنت ترمز عقب,2025-05-01 12:13:56
246282207,Anahita_ar,کیا,2015,79886546313164,لنت,2025-05-01 12:18:15
246282207,Anahita_ar,پراید,84,48854561,ترمز عقب,2025-05-04 16:43:34
246282207,Anahita_ar,پژو,99,87854646351346587,فرمان,2025-05-04 16:44:23
246282207,Anahita_ar,کاوازاکی,1969,8949656316689,یزصیزسزی,2025-05-04 17:05:19
246282207,Anahita_ar,hkjhg,8965,465213,885631,2025-05-04 17:06:06
246282207,Anahita_ar,dlck sndlcms,4651,jvlc,8d765dscdc,2025-05-04 17:20:24
246282207,Anahita_ar,پیکان,45,فرمان,9879846546846,2025-05-04 17:23:42
246282207,Anahita_ar,شورلت,1966,چراغ جلو,84796513215686,2025-05-05 10:51:58
246282207,Anahita_ar,bmw,2024,روکش,879846541587635,2025-05-05 11:21:58
246282207,Anahita_ar,bmw,2020,jvlc,5685413,2025-05-05 11:23:47
246282207,Anahita_ar,efewfew,6511,erfewf,451351546,2025-05-05 11:33:45
1066552638,Aranahita,Jgxkgxjgx,Ufzufzjgx,Jgzjgz,8535839535,2025-05-05 11:44:15
246282207,Anahita_ar,"a,vgj",6565,dvuhdjlv,684651548463216548,2025-05-05 11:45:56
